first_name,last_name,email,postcode,city,address,phone
Orran,Benmore,obenmore0@edublogs.org,,Novoselë,40 Utah Pass,110-124-0378
Janis,McGarahan,jmcgarahan1@w3.org,4801,Pagangan,69587 Portage Place,450-255-3898
Dorine,Le Monnier,dlemonnier2@geocities.com,46860,Virojoki,698 Oak Pass,786-891-9820
Taite,Danshin,tdanshin3@sakura.ne.jp,J5T,Lambton Shores,7031 Northridge Drive,218-648-8747
Honor,Presnail,hpresnail4@globo.com,40340,Pueai Noi,7937 Golf View Lane,389-733-1312
Hillyer,Skirrow,hskirrow5@craigslist.org,2305,Hamar,29327 Shoshone Point,267-383-7904
Manda,Kreutzer,mkreutzer6@microsoft.com,2350-323,Riachos,34 Truax Plaza,297-964-1252
Norina,Downie,ndownie7@cafepress.com,20160,Phan Thong,7749 Lake View Pass,899-391-3544
Janeen,Ivain,jivain8@histats.com,MD-4006,Maiac,284 Norway Maple Street,703-969-2390
Corette,Champerlen,cchamperlen9@youku.com,154047,Sáchica,4 Novick Junction,393-505-3677
Benyamin,Wyke,bwykea@opera.com,,Asembagus,21 Montana Court,869-536-7316
Oona,Lapham,olaphamb@columbia.edu,,Sidi Moussa,5 Sachs Terrace,590-997-8973
Steffen,Vowles,svowlesc@uiuc.edu,01105,Springfield,6271 Browning Way,413-657-3909
Blanch,Lovelace,blovelaced@wordpress.org,10560,Bang Sao Thong,510 Everett Crossing,730-646-0700
Joby,Blakiston,jblakistone@cmu.edu,,Liangzeng,89 Hallows Parkway,257-362-0718
Curcio,Allanby,callanbyf@cnbc.com,1267,Basicao Coastal,1104 Westerfield Circle,857-619-8606
Pia,Espinas,pespinasg@prnewswire.com,,Nungga,85072 Manitowish Center,707-781-7392
George,Lott,glotth@time.com,,Khenifra,02688 Lotheville Avenue,809-656-4080
Deidre,Darton,ddartoni@rambler.ru,59309 CEDEX,Valenciennes,48 Oak Center,287-474-1466
Emory,Claworth,eclaworthj@google.fr,1676,Tomado,42 Victoria Court,406-660-8506
Leia,Traves,ltravesk@feedburner.com,6704,Szeged,255 Redwing Crossing,685-131-6362
Blithe,Aldred,baldredl@accuweather.com,,Abadou,47 Sugar Plaza,456-741-5339
Gardy,Emmison,gemmisonm@delicious.com,,Ouaoula,480 Warrior Street,352-796-0753
Ingrim,Jakubiak,ijakubiakn@discuz.net,,Kifrī,1 Doe Crossing Pass,858-284-9453
Keriann,Matterdace,kmatterdaceo@google.nl,S33,Sheffield,6763 Fairfield Center,307-671-4924
Bella,Silverthorne,bsilverthornep@cafepress.com,,Taichung,78780 Surrey Parkway,846-552-5979
Mildrid,Roll,mrollq@sciencedaily.com,,Weiyang,95 Duke Drive,895-720-2595
Cherish,Struys,cstruysr@printfriendly.com,,Hekou,0 Independence Circle,352-910-3952
Norton,Mabey,nmabeys@dagondesign.com,4753,Londres,68143 Maple Center,577-336-1560
Elane,Northeast,enortheastt@wisc.edu,,Thành Phố Hạ Long,98 Express Road,834-338-8308
Carley,Teresa,cteresau@ow.ly,22270,Eckerö,6695 Declaration Street,528-802-3022
Kora,Guilloton,kguillotonv@meetup.com,,Wurigelebur,17 Center Trail,520-761-2957
Almeda,Eccleston,aecclestonw@360.cn,,Taekas,33 Del Sol Circle,209-133-6029
Tilly,Treske,ttreskex@bigcartel.com,,Tongren,10283 Bay Parkway,156-430-0672
Hope,Walasik,hwalasiky@furl.net,680999,Khabarovsk,08 Village Hill,432-955-3324
Tallulah,Gomme,tgommez@ning.com,,Desa Gegempalan,53338 Gale Hill,334-102-9919
Gerri,Fanshawe,gfanshawe10@flickr.com,369394,Uchkeken,715 Hallows Parkway,897-588-5717
Iain,Fitzmaurice,ifitzmaurice11@buzzfeed.com,6120-705,Castelo,52916 Montana Parkway,797-683-8709
Dulciana,O'Grada,dograda12@sciencedaily.com,,Philipsburg,794 Continental Road,841-831-2936
Thelma,Shellum,tshellum13@skype.com,,Dezhou,937 Gulseth Alley,294-613-6352
Karlan,Dight,kdight14@ezinearticles.com,,Quangang,421 Texas Pass,495-305-5029
Lanae,Myring,lmyring15@bizjournals.com,,Jiukou,88150 Morning Hill,540-495-9883
Elnora,Houchin,ehouchin16@msu.edu,27705,Durham,4 Saint Paul Parkway,919-817-5854
Brynn,Nucci,bnucci17@wired.com,,Abū Mūsā,04 Forest Trail,919-459-0424
Dicky,Rudd,drudd18@spotify.com,,Aral,37 Lunder Way,812-814-3419
Stafford,Chatin,schatin19@trellian.com,,Neiguan,4 Utah Avenue,441-754-6039
Hardy,Fowley,hfowley1a@mtv.com,,Berbérati,6 Buhler Point,215-138-0431
Krista,Goolden,kgoolden1b@bandcamp.com,92398 CEDEX,Villeneuve-la-Garenne,3137 Old Shore Circle,248-945-4016
Nonie,Sellors,nsellors1c@accuweather.com,36180,Khon San,700 Golf Circle,932-562-0925
Meara,Adamo,madamo1d@woothemes.com,696 74,Velká nad Veličkou,5 Shopko Crossing,174-795-2520
Kelsy,McPhelim,kmcphelim1e@multiply.com,23285,Richmond,5109 Clarendon Parkway,804-442-1256
Valry,Glasscock,vglasscock1f@stumbleupon.com,4610-572,Lameira,65592 Straubel Pass,906-525-2774
Ethelind,McDavid,emcdavid1g@networkadvertising.org,3220-350,Vidual,83007 Bonner Hill,153-543-9222
Kathryn,Duffett,kduffett1h@wikipedia.org,,Colonia Yguazú,25 North Lane,158-179-4113
Dixie,Mousley,dmousley1i@is.gd,15220,Pittsburgh,273 Ludington Point,412-908-3199
Griselda,Colliar,gcolliar1j@123-reg.co.uk,4800-858,Cachadinha,7 Mandrake Plaza,208-154-1523
Viviana,Martschik,vmartschik1k@newyorker.com,11511,Nizao,0354 Independence Pass,464-712-9833
Cathrine,Chezelle,cchezelle1l@jugem.jp,,Sarajevo,3 Anthes Pass,257-780-2941
Boonie,Laval,blaval1m@theglobeandmail.com,,Lai Lai Bisi Kopan,17 Riverside Drive,955-356-3105
Leonelle,Rattenberie,lrattenberie1n@g.co,,Tanguiéta,7786 Eastlawn Hill,682-294-4147
Horatio,Hains,hhains1o@craigslist.org,,Baikouquan,533 Susan Crossing,970-977-8735
Arturo,Piotr,apiotr1p@diigo.com,,Tycheró,17531 Superior Terrace,228-781-4541
Matty,Whines,mwhines1q@delicious.com,,Muarasiau,35 Carpenter Circle,944-742-8115
Mata,Fawltey,mfawltey1r@microsoft.com,48960-000,Jaguarari,0 Logan Park,328-583-4092
Adrianna,Papa,apapa1s@gmpg.org,,Kidal,01459 Shopko Trail,393-283-8022
Isa,Winckle,iwinckle1t@pinterest.com,,Vathýlakkos,3 Stephen Place,901-167-9045
Tessie,Parlot,tparlot1u@cmu.edu,,Fengxi,8543 Kropf Alley,419-158-6752
Bogart,Molineaux,bmolineaux1v@hhs.gov,,Hai’an,64 Glacier Hill Terrace,601-262-0728
Kally,Roycroft,kroycroft1w@youtube.com,9231,Beltinci,52654 3rd Road,356-710-2408
Kimbell,Pantone,kpantone1x@ebay.co.uk,35195-000,Belo Oriente,9558 Melrose Plaza,994-425-3442
Garrard,Shimuk,gshimuk1y@mysql.com,87-404,Radomin,179 Leroy Junction,493-314-6099
Shurlock,Margerison,smargerison1z@japanpost.jp,666733,Cherëmushki,4 Jackson Street,263-252-2699
Roman,Fredy,rfredy20@squarespace.com,25024 CEDEX,Besançon,0 Ridgeview Lane,897-480-1377
Rawley,Hurren,rhurren21@xing.com,,Douba,45 Rockefeller Place,397-315-5917
Cleveland,Puckring,cpuckring22@virginia.edu,22-120,Wojsławice,03856 David Park,528-103-1893
Riobard,Petrozzi,rpetrozzi23@google.de,4940-206,Quintães,1522 Pine View Plaza,263-277-4244
Thane,Zupa,tzupa24@goodreads.com,1255,Maindang,77855 Sheridan Hill,618-414-7148
Orlan,Bursnall,obursnall25@gnu.org,,Dahuaishu,823 Transport Circle,243-832-7418
Jillayne,Moynihan,jmoynihan26@sun.com,,Tehrān,64 Sunfield Alley,167-564-9616
Padraig,Minnis,pminnis27@barnesandnoble.com,399-0746,Shiojiri,3 Dayton Point,706-299-6426
Halsey,Bartholat,hbartholat28@google.com,692327,Grazhdanka,933 Waywood Junction,254-837-8348
Sadella,Janaszkiewicz,sjanaszkiewicz29@4shared.com,,Hlybokaye,126 Washington Junction,679-955-6559
Andriana,Rhubottom,arhubottom2a@google.ru,1033,Kathu,55049 Morrow Avenue,649-789-9069
Kimbra,Diemer,kdiemer2b@yolasite.com,27-630,Zawichost,66 Crownhardt Parkway,457-436-0101
Millie,Martinovic,mmartinovic2c@github.com,8311,Bislig,3913 Northfield Place,551-404-5392
Mischa,Panchen,mpanchen2d@wired.com,,Longotea,28958 Bartelt Road,412-672-5402
Philippe,Taffie,ptaffie2e@cargocollective.com,348 15,Planá,30601 Laurel Park,799-729-3238
Andrej,Riccardi,ariccardi2f@sakura.ne.jp,,Khodasy,6 David Court,199-147-8303
Clari,Gawthrop,cgawthrop2g@networkadvertising.org,78504 CEDEX,Sartrouville,1340 Carpenter Court,634-155-2755
Lind,Wisson,lwisson2h@elegantthemes.com,,Donetsk,214 Colorado Avenue,306-365-9347
Augy,Rhoades,arhoades2i@facebook.com,,Karangmelok,937 Pearson Plaza,735-114-5474
Bayard,Bunny,bbunny2j@fc2.com,,Tominian,71 Old Gate Center,152-443-2764
Torrence,Everall,teverall2k@stanford.edu,30270,Sop Pong,0 Moland Hill,428-428-3347
Louis,Fayter,lfayter2l@booking.com,4312,Beberon,5 Butternut Alley,353-683-2488
Terrel,Faiers,tfaiers2m@blog.com,2565-035,Campelos,0318 Pond Circle,371-743-4260
Monica,Iacovelli,miacovelli2n@dot.gov,664 24,Drásov,38 Mockingbird Way,704-575-6939
Mauricio,Hackey,mhackey2o@photobucket.com,70894,Baton Rouge,4666 Laurel Hill,225-753-9488
Berget,Lydall,blydall2p@goodreads.com,671 07,Vysočany,6865 Welch Pass,569-205-5812
Heidi,Hurring,hhurring2q@dion.ne.jp,,Longzui,80 Morningstar Crossing,360-816-6946
Bruno,Strangward,bstrangward2r@statcounter.com,,Chengzihe,0 Mitchell Point,608-168-3212
